segment,applicant_count,default_rate
Civil marriage,29775,0.09944584382871537
Single / not married,45444,0.0980767538068832
Separated,19770,0.0819423368740516
Married,196432,0.07559868045939562
Widow,16088,0.058242168075584286
