segment,applicant_count,default_rate
Rented apartment,4881,0.12313050604384347
With parents,14840,0.1169811320754717
Municipal apartment,11183,0.08539747831530001
Co-op apartment,1122,0.07932263814616755
House / apartment,272868,0.07795710746588094
Office apartment,2617,0.06572411157814291
