segment,applicant_count,default_rate
Cash loans,278232,0.08345912763449208
Revolving loans,29279,0.05478329177909082
