segment,applicant_count,default_rate
25-34,72289,0.10673823126616774
35-44,84276,0.08404527979495942
45-54,70069,0.07058756368722259
55+,68727,0.052148355086065155
<25,12150,0.1231275720164609
