segment,applicant_count,default_rate
1,3334,0.16196760647870426
No bureau history,44020,0.10124943207632894
0,260157,0.07621551601532921
