segment,applicant_count,default_rate
100k-150k,91591,0.08618750750619603
150k-200k,64307,0.08446980888550236
200k-300k,65176,0.07550325273106664
300k+,22739,0.05950129733057742
<100k,63698,0.08202769317717981
