segment,applicant_count,default_rate
1-3y,61489,0.11067020117419375
10y+,50980,0.05188309140839545
3-5y,46874,0.09674873063958697
5-10y,64890,0.07374017568192326
<1y,27904,0.10984088302752294
Unknown/Special,55374,0.05399646043269404
