segment,applicant_count,default_rate
Working,158774,0.09588471664126369
Commercial associate,71617,0.07484256531270508
State servant,21703,0.05754964751416855
Pensioner,55362,0.053863660994906255
