segment,applicant_count,default_rate
Lower secondary,3816,0.10927672955974843
Secondary / secondary special,218391,0.08939928843221562
Incomplete higher,10277,0.08484966429891992
Higher education,74863,0.05355115344028425
