TARGET,count,share
0,282686,0.9192711805431351
1,24825,0.08072881945686496
