{
  "roc_auc": 0.7641487298136374,
  "pr_auc": 0.24112296569185984,
  "precision_at_0_5": 0.16839705026198332,
  "recall_at_0_5": 0.6990936555891238,
  "f1_at_0_5": 0.2714157250654885,
  "positive_rate_at_0_5": 0.33513812334357673,
  "classification_report": {
    "0": {
      "precision": 0.9634638428994156,
      "recall": 0.696823375428915,
      "f1-score": 0.8087325129068347,
      "support": 56538.0
    },
    "1": {
      "precision": 0.16839705026198332,
      "recall": 0.6990936555891238,
      "f1-score": 0.2714157250654885,
      "support": 4965.0
    },
    "accuracy": 0.6970066500821098,
    "macro avg": {
      "precision": 0.5659304465806995,
      "recall": 0.6979585155090194,
      "f1-score": 0.5400741189861615,
      "support": 61503.0
    },
    "weighted avg": {
      "precision": 0.8992798742239876,
      "recall": 0.6970066500821098,
      "f1-score": 0.7653561271755325,
      "support": 61503.0
    }
  }
}