{
  "roc_auc": 0.7514614042611842,
  "pr_auc": 0.2231022581399627,
  "precision_at_0_5": 0.16805324459234608,
  "recall_at_0_5": 0.6712990936555892,
  "f1_at_0_5": 0.26881200096782,
  "positive_rate_at_0_5": 0.3224720745329496,
  "classification_report": {
    "0": {
      "precision": 0.9608351331893449,
      "recall": 0.7081608829459832,
      "f1-score": 0.8153714565004888,
      "support": 56538.0
    },
    "1": {
      "precision": 0.16805324459234608,
      "recall": 0.6712990936555892,
      "f1-score": 0.26881200096782,
      "support": 4965.0
    },
    "accuracy": 0.7051851129213209,
    "macro avg": {
      "precision": 0.5644441888908455,
      "recall": 0.6897299883007861,
      "f1-score": 0.5420917287341545,
      "support": 61503.0
    },
    "weighted avg": {
      "precision": 0.8968356197203418,
      "recall": 0.7051851129213209,
      "f1-score": 0.7712489308233723,
      "support": 61503.0
    }
  }
}